{
  "0": {
    "precision": 0.703125,
    "recall": 0.8695652173913043,
    "f1-score": 0.7775377969762419,
    "support": 207.0
  },
  "1": {
    "precision": 0.38636363636363635,
    "recall": 0.1827956989247312,
    "f1-score": 0.24817518248175183,
    "support": 93.0
  },
  "accuracy": 0.6566666666666666,
  "macro avg": {
    "precision": 0.5447443181818181,
    "recall": 0.5261804581580177,
    "f1-score": 0.5128564897289969,
    "support": 300.0
  },
  "weighted avg": {
    "precision": 0.6049289772727273,
    "recall": 0.6566666666666666,
    "f1-score": 0.61343538648295,
    "support": 300.0
  }
}